{"cameraMode":{"drawMode":0,"name":"Shaded","section":"Shading Mode"},"sceneLighting":true,"audioPlay":false,"sceneViewState":{"showFog":true,"showMaterialUpdate":true,"showSkybox":false,"showFlares":true,"showImageEffects":true,"showParticleSystems":true},"in2DMode":false,"pivot":{"x":-0.8808480501174927,"y":4.622642517089844,"z":-0.41995906829833987},"rotation":{"x":-0.04870036989450455,"y":0.08529394119977951,"z":-0.004174078349024057,"w":-0.9951562285423279},"size":9.995760917663575,"orthographic":false}